H;Jukurit;Andrej Sustr;10;0;13;13;1383;6
H;Jukurit;Jacob Hayhurst;10;4;8;12;1039;4
H;TPS;Lukas Wernblom;9;4;7;11;1127;-3
H;Ilves;Luke Henman;8;4;7;11;960;5
H;TPS;Lukas Haudum;9;2;8;10;1085;-1
H;K-Espoo;Jere Väisänen;9;4;5;9;824;10
H;HPK;Sami Päivärinta;8;4;5;9;1069;1
H;Lukko;Alex Beaucage;8;4;4;8;1108;1
H;TPS;Lars Bryggman;8;4;4;8;1096;-1
H;HIFK;Daniel Mäkiaho;8;4;4;8;1054;0
H;Jukurit;Elias Koponen;10;2;6;8;898;4
H;Tappara;Joachim Blichfeld;8;3;5;8;1164;0
H;Ässät;Alexandre Doucet;8;3;5;8;1150;-1
H;JYP;Santeri Huovila;6;1;7;8;1041;3
H;JYP;Alexander True;6;1;6;7;1185;0
H;JYP;Reece Newkirk;6;3;4;7;865;3
H;Jukurit;Louis Boudon;10;3;4;7;1169;-1
H;Tappara;Kasper Simontaival;8;2;5;7;1005;2
H;K-Espoo;Lukas Svejkovsky;9;5;2;7;887;2
H;JYP;Jere Lassila;6;3;4;7;984;5
H;Tappara;Henrik Haapala;8;2;5;7;945;3
H;JYP;Valtteri Ojantakanen;6;3;4;7;919;3
H;SaiPa;Aarne Intonen;8;1;5;6;996;-1
H;JYP;Daniel Torgersson;6;2;4;6;1021;0
H;Pelicans;Roni Karvinen;8;3;3;6;1005;2
H;JYP;Harri Pesonen;6;2;4;6;982;4
H;Lukko;Jakob Stenqvist;8;0;6;6;1183;-1
H;Jukurit;Connor Ford;10;5;1;6;1196;6
H;Jokerit;Emil Kuusla;6;1;5;6;1034;0
H;HIFK;Vincent Marleau;8;3;3;6;1120;-3
H;Jokerit;Maxime Fortier;8;1;5;6;1122;-3
H;HPK;Brendan Ranford;8;0;6;6;1027;1
H;Ilves;Aleks Haatanen;8;2;4;6;891;5
H;K-Espoo;Arttu Tuomaala;9;2;3;5;1072;0
H;Ässät;Johan Olofsson;8;2;3;5;967;2
H;Jukurit;Thomas Olsen;10;3;2;5;968;1
H;Kärpät;Roni Hirvonen;8;2;3;5;1088;-4
H;Ilves;Lukas Jasek;7;3;2;5;1059;3
H;Lukko;Antti Saarela;8;1;4;5;996;3
H;Ässät;Cameron Hillis;8;2;3;5;1200;-1
H;Jukurit;Eemeli Saari;10;1;4;5;1003;7
H;Kärpät;Eetu Päkkilä;8;1;4;5;1064;1
H;Pelicans;Liam Hawel;8;0;5;5;859;4
H;Pelicans;Oleksii Myklukha;8;2;3;5;811;2
H;SaiPa;Eero Klintrup;8;0;5;5;898;5
H;SaiPa;Mikko Perttu;8;1;4;5;924;2
H;JYP;Aaro Vidgren;6;3;2;5;847;-1
H;SaiPa;Santeri Airola;8;1;4;5;1070;0
H;KalPa;Jaakko Rissanen;7;1;4;5;933;2
H;Kärpät;Samuli Ratinen;8;3;2;5;972;1
H;KalPa;Juuso Mäenpää;7;2;3;5;1022;-1
H;Ässät;Simon Pinard;8;2;3;5;1059;-3
H;Jokerit;Alexander Forslund;9;2;3;5;952;-5
H;Ilves;Austin Strand;8;4;1;5;1126;8
H;TPS;Otto Paajanen;9;3;2;5;1121;-4
H;SaiPa;Petrus Palmu;8;2;3;5;847;0
H;Jukurit;Alex Lintuniemi;7;2;3;5;1012;2
H;HIFK;Kasper Puutio;8;0;5;5;1095;-7
H;Jokerit;Patrick Curry;9;0;5;5;1097;1
H;SaiPa;Nicholas Zabaneh;8;1;4;5;985;3
H;Tappara;Aapeli Räsänen;8;2;3;5;1135;2
H;Sport;Lari Heikkinen;9;4;1;5;752;0
H;Tappara;Oliver Suvanto;8;1;4;5;956;3
H;SaiPa;Patrik Siikanen;8;5;0;5;919;4
H;Jukurit;Jesper Olofsson;10;4;1;5;934;-2
H;Kärpät;Henrik Törnqvist;8;2;3;5;867;2
H;KalPa;Aleksi Klemetti;7;3;2;5;877;3
H;Ässät;Casimir Jürgens;8;1;3;4;1048;2
H;HIFK;Lassi Vanhatalo;8;1;3;4;928;-5
H;Ilves;Benjamin Korhonen;7;3;1;4;937;-2
H;HIFK;Lukas Pilö;8;1;3;4;1143;-1
H;Kärpät;Aleksi Matinmikko;8;1;3;4;1261;-3
H;Ässät;Carl Klingberg;7;1;3;4;1119;-1
H;HIFK;Iiro Pakarinen;8;3;1;4;1024;-1
H;Ilves;Jan-Mikael Järvinen;8;1;3;4;868;6
H;K-Espoo;Jere Sallinen;9;3;1;4;1023;1
H;HPK;Viljami Jokirinne;8;1;3;4;1323;-1
H;TPS;Alexis Binner;9;1;3;4;1172;0
H;Lukko;Jami Krannila;7;0;4;4;757;3
H;Ässät;Rami Määttä;8;0;4;4;1290;2
H;K-Espoo;Kristian Näkyvä;9;0;4;4;1104;-2
H;Kärpät;Jiri Tichacek;8;1;3;4;1044;-5
H;SaiPa;Brian Kramer;8;0;4;4;1144;1
H;Pelicans;Sakke Hämäläinen;8;0;4;4;693;2
H;KooKoo;Axel Holmström;9;0;4;4;822;-1
H;HPK;Miska Kukkonen;8;2;2;4;1423;-2
H;HIFK;Eetu Liukas;7;4;0;4;1087;1
H;Ilves;Tony Sund;8;1;3;4;1043;1
H;KalPa;Konsta Kapanen;7;3;1;4;1092;1
H;Sport;George Diaco;9;3;1;4;1058;-6
H;K-Espoo;Ville Lajunen;9;0;4;4;1213;1
H;Ässät;Petteri Nikkilä;8;0;4;4;1121;1
H;Kärpät;Wiktor Nilsson;8;2;2;4;740;0
H;HIFK;Linus Nässen;8;0;4;4;1180;-2
H;Jukurit;Bogdans Hodass;10;1;3;4;859;-1
H;JYP;Juuso Arola;6;1;3;4;1072;3
H;JYP;Trent Bourque;6;1;3;4;1216;4
H;KalPa;Ville Ruotsalainen;7;1;3;4;1032;-2
H;K-Espoo;Jani Lajunen;9;0;4;4;938;0
H;Tappara;Jyrki Jokipakka;8;1;3;4;1244;-4
H;HPK;Chad Nychuk;8;2;2;4;1057;-5
H;Jukurit;Jiro Frilander;9;0;4;4;803;2
H;HIFK;Niko Huuhtanen;8;3;1;4;1022;0
H;Tappara;Michael Lindqvist;6;0;4;4;971;0
H;Pelicans;Brett Stapley;8;1;3;4;1015;1
H;HPK;Anrei Hakulinen;8;2;2;4;1039;-1
H;K-Espoo;Mathias From;9;2;2;4;964;0
H;K-Espoo;Linus Öberg;9;3;1;4;977;2
H;Lukko;Mikael Ruohomaa;8;1;3;4;1107;2
H;Lukko;Felix Robert;8;2;2;4;904;1
H;KooKoo;Manu Mäkelä;9;2;2;4;687;-5
H;Pelicans;Joona Kumpula;8;2;2;4;794;3
H;SaiPa;Samuli Niinisaari;8;3;0;3;1016;6
H;KalPa;Joonas Lyytinen;5;2;1;3;1167;1
H;KalPa;Cade Borchardt;7;0;3;3;957;1
H;K-Espoo;Aarne Talvitie;9;1;2;3;804;5
H;Lukko;Topias Haapanen;8;3;0;3;791;4
H;K-Espoo;Iikka Kangasniemi;9;1;2;3;965;3
H;Sport;Simon Åkerström;9;0;3;3;1362;-6
H;Jokerit;Riku Tuomola;7;1;2;3;1071;-2
H;Jukurit;Aaro Chrons;10;2;1;3;691;2
H;KooKoo;Roope Tossavainen;9;2;1;3;663;0
H;TPS;Joel Määttä;9;2;1;3;873;2
H;Ilves;Matic Török;8;0;3;3;982;5
H;KooKoo;Miska Siikonen;9;1;2;3;1109;-8
H;Ilves;Iivari Heikkinen;4;2;1;3;392;2
H;Ässät;Sakari Kostilainen;8;3;0;3;919;4
H;KooKoo;Veeti Miettinen;8;2;1;3;843;-2
H;Jokerit;Patrik Virta;6;1;2;3;1127;-1
H;HPK;Roope Vesterinen;8;1;2;3;934;3
H;KalPa;Jesper Piitulainen;7;0;3;3;1056;1
H;K-Espoo;Arvid Aronsson;7;0;3;3;1014;3
H;Pelicans;Markus Nutivaara;8;2;1;3;1139;4
H;JYP;Leevi Tukiainen;6;2;1;3;1081;4
H;Kärpät;Eetu Koivistoinen;8;2;1;3;1032;1
H;Tappara;Kasper Kulonummi;8;0;3;3;919;1
H;Sport;Luke Grainger;9;0;3;3;1090;-6
H;Pelicans;Michal Jordan;6;2;1;3;1035;2
H;Sport;Philip Granath;7;2;1;3;1087;-4
H;Jokerit;Teemu Turunen;3;0;3;3;875;-5
H;Ilves;John Nyberg;8;1;2;3;1038;1
H;Ilves;Toni Utunen;8;1;2;3;762;4
H;Tappara;Dylan Fabre;7;1;2;3;822;0
H;Kärpät;Matyas Kantner;8;0;3;3;1041;-4
H;SaiPa;Miro Tauslahti;6;2;1;3;621;1
H;Kärpät;Andreas Okany;8;2;1;3;836;1
H;KooKoo;Kim Nousiainen;9;1;2;3;1114;-3
H;Jokerit;Eetu Tuulola;9;2;1;3;803;-1
H;Ässät;Balázs Sebok;6;1;2;3;949;2
H;Jokerit;Henri Nikkanen;9;3;0;3;1182;-6
H;KalPa;Teemu Hartikainen;7;1;2;3;1002;0
H;JYP;Sami Vatanen;5;1;2;3;1090;-1
H;Tappara;Tomi Sallinen;8;1;2;3;983;0
H;Sport;Viljami Nieminen;9;1;2;3;945;-2
H;Lukko;Henri Ikonen;8;1;2;3;743;4
H;Lukko;Nuutti Viitasalo;8;0;3;3;1030;5
H;SaiPa;Petr Fridrich;6;2;1;3;953;-2
H;TPS;Arttu Tuhkala;9;0;3;3;800;-6
H;Tappara;Jesper Mattila;8;1;2;3;1109;-1
H;Jukurit;Bence Horvath;5;1;2;3;260;3
H;Jokerit;Matthew Caito;6;1;2;3;1007;0
H;KalPa;Hugo Gallet;7;0;3;3;1156;0
H;Jukurit;Niko Korkola;10;1;2;3;1135;2
H;Jokerit;Markus Hännikäinen;9;2;1;3;950;-2
H;Ässät;Petteri Riihinen;8;2;1;3;857;0
H;K-Espoo;Connor Corcoran;9;2;1;3;1177;5
H;Lukko;Heikki Liedes;8;3;0;3;1044;1
H;Ilves;Ondrej Kos;8;0;3;3;822;1
H;KooKoo;Akseli Mäkinen;8;1;2;3;760;-1
H;Lukko;Santeri Virtanen;4;1;1;2;823;1
H;Lukko;Daniil Trakht;8;1;1;2;642;-3
H;HIFK;Jere Somervuori;7;0;2;2;473;1
H;Jukurit;Justin Addamo;10;1;1;2;957;2
H;Jokerit;Max Krogdahl;9;1;1;2;954;-6
H;SaiPa;Ondrej Trejbal;8;0;2;2;1121;1
H;TPS;Aatos Koivu;9;1;1;2;734;2
H;KooKoo;Jiri Pärssinen;8;0;2;2;984;-1
H;TPS;Axel Landen;9;0;2;2;1088;4
H;Lukko;Aleksi Saarela;7;2;0;2;857;2
H;Kärpät;Kasper Soini;8;0;2;2;821;3
H;HPK;Harri Kainulainen;8;0;2;2;838;0
H;Ässät;Arttu Alasiurua;3;1;1;2;561;1
H;Pelicans;Aidan Dudas;8;2;0;2;1089;-1
H;KalPa;Joona Saarelainen;7;2;0;2;930;0
H;HIFK;Jesper Ahlroth;4;0;2;2;1188;1
H;SaiPa;Janne Naukkarinen;8;1;1;2;902;3
H;KooKoo;Marcus Davidsson;7;0;2;2;954;-5
H;KalPa;Mitja Jokinen;5;0;2;2;906;1
H;Ässät;Alexandr Kim;8;1;1;2;553;0
H;Pelicans;Gabriel Fortier;8;0;2;2;1108;-1
H;Tappara;Joni Tuulola;8;0;2;2;1139;3
H;Sport;Benjamin Pietilä;9;0;2;2;710;-2
H;K-Espoo;Kasper Kotkansalo;9;0;2;2;963;1
H;TPS;Jeremi Virtanen;9;2;0;2;658;3
H;Tappara;Juuso Nykänen;8;2;0;2;487;2
H;Sport;Eric Bürger;9;0;2;2;996;-6
H;Sport;Kalle Östman;3;1;1;2;999;-1
H;Sport;Isak Walther;9;1;1;2;878;-2
H;Tappara;Otto Rauhala;8;1;1;2;817;-2
H;KalPa;Elias Vilén;7;1;1;2;1069;0
H;Kärpät;Arttu Paaso;8;1;1;2;866;2
H;SaiPa;Saku Salminen;8;0;2;2;941;0
H;TPS;Niklas Ylitalo;7;0;2;2;516;-1
H;JYP;Eetu Peltola;6;1;1;2;1225;6
H;KalPa;Juuso Könönen;6;2;0;2;635;0
H;Sport;Eetu Levänen;4;2;0;2;478;0
H;Tappara;Niclas Almari;8;2;0;2;1048;4
H;Jukurit;Elias Ruusu;10;0;2;2;927;5
H;Kärpät;Tommi Tikka;6;0;2;2;796;1
H;KooKoo;Ville Meskanen;8;1;1;2;1023;-4
H;Pelicans;Carl-Johan Lerby;8;1;1;2;1129;-1
H;K-Espoo;Carter King;9;1;1;2;906;2
H;KalPa;Lasse Lappalainen;7;1;1;2;1027;1
H;HPK;Ethan De Jong;8;2;0;2;943;-4
H;HPK;Connor Maceachern;7;0;2;2;839;-2
H;KalPa;Juuso Ketola;6;0;2;2;561;-3
H;SaiPa;Einar Emanuelsson;8;1;1;2;945;-2
H;HPK;Olli Korhonen;8;1;1;2;984;-7
H;SaiPa;Otto Hokkanen;8;2;0;2;717;2
H;TPS;Niklas Friman;3;1;1;2;850;2
H;K-Espoo;Joni Jurmo;6;0;2;2;559;0
H;Tappara;Olle Strandell;8;1;1;2;993;1
H;Lukko;Arttu Välilä;8;0;2;2;975;5
H;KooKoo;Niklas Nykyri;7;1;1;2;948;-4
H;Ilves;Timi Teuho-Markkola;6;1;1;2;640;1
H;KooKoo;Ossi-Petteri Jaakola;9;1;1;2;795;-2
H;Ilves;Teemu Engberg;8;0;2;2;830;-1
H;HIFK;Ilari Melart;5;0;2;2;854;-2
H;Ilves;Jens Lööke;8;0;2;2;995;1
H;JYP;Arvid Costmar;3;1;0;1;685;2
H;HPK;Andrej Kukuca;8;1;0;1;792;-1
H;KalPa;Veikka Mononen;2;0;1;1;946;2
H;HIFK;Ossi Sippola;6;1;0;1;508;1
H;Ässät;Patrik Juhola;4;0;1;1;817;2
H;KooKoo;Robert Rooba;9;1;0;1;1048;-10
H;Ilves;Jaakko Lantta;8;0;1;1;867;0
H;Pelicans;Christoffer Forsberg;8;0;1;1;766;-3
H;JYP;Ossi-Veikka Vuontisvaara;1;0;1;1;246;1
H;Kärpät;Eemil Erholtz;8;1;0;1;1070;-3
H;Jokerit;Antti Kalapudas;9;1;0;1;870;-11
H;SaiPa;Juuso Heikkilä;5;0;1;1;857;0
H;JYP;Malte Setkov;6;0;1;1;1042;5
H;KooKoo;Samuel Valkeejärvi;8;0;1;1;754;-3
H;Ilves;Erik Borg;8;0;1;1;794;1
H;Ilves;Jarkko Parikka;8;1;0;1;1002;2
H;HIFK;Jake Leschyshyn;8;0;1;1;1115;-1
H;TPS;Joona Ikonen;9;0;1;1;1154;-3
H;Kärpät;Tuomas Salmela;8;0;1;1;1134;5
H;Tappara;Benjamin Rautiainen;2;1;0;1;1146;0
H;Ässät;Otso Ylitalo;8;0;1;1;789;2
H;Pelicans;Oskars Batna;8;0;1;1;1069;0
H;Sport;Miika Koivisto;9;0;1;1;1134;-2
H;TPS;Gabriel Chicoine;6;0;1;1;638;-1
H;Kärpät;Maxim Korpimäki;4;1;0;1;458;1
H;KooKoo;Ari Gröndahl;8;0;1;1;828;-5
H;Ässät;Peter Tiivola;3;0;1;1;608;0
H;Jokerit;Aleksi Elorinne;9;0;1;1;999;1
H;Jokerit;Aleksi Mustonen;9;1;0;1;849;0
H;KooKoo;Joona Riekkinen;8;1;0;1;914;0
H;HPK;Garrett Pyke;8;0;1;1;1009;-1
H;Sport;Kalle Kangas;9;0;1;1;881;0
H;TPS;Petteri Lindbohm;6;0;1;1;1090;3
H;TPS;Kasper Pikkarainen;3;1;0;1;246;0
H;K-Espoo;Niklas Peltomäki;5;0;1;1;710;0
H;Jokerit;Bruno Kallio;7;0;1;1;529;-1
H;KalPa;Otto Somppi;7;0;1;1;683;-1
H;Jokerit;Kristo Pitkänen;4;1;0;1;494;0
H;Tappara;Ondrej Pavel;8;1;0;1;827;-1
H;KooKoo;Santeri Sulku;8;1;0;1;841;-3
H;HIFK;Aron Kiviharju;2;0;1;1;1215;-2
H;SaiPa;Miikka Salomäki;2;0;1;1;871;1
H;TPS;Veli-Matti Savinainen;1;0;1;1;770;1
H;Ässät;Petteri Nurmi;8;0;1;1;1016;-1
H;Ilves;Otto Latvala;8;0;1;1;847;1
H;Lukko;Peetro Seppälä;8;0;1;1;1212;2
H;HPK;Arturs Andzans;7;0;1;1;838;0
H;Sport;Johan Sundström;9;0;1;1;1127;-2
H;Sport;Kalle Miketinac;9;1;0;1;1023;-6
H;Sport;Theodor Johnsson;9;0;1;1;1002;-1
H;Ässät;Kasper Björkqvist;8;0;1;1;983;-2
H;Sport;Kalle Ervasti;3;0;1;1;651;-1
H;KalPa;Lukas Kanak;7;0;1;1;828;2
H;TPS;Hannu Kuru;9;0;1;1;657;-2
H;Jukurit;Arttu Kärki;8;0;1;1;781;-4
H;TPS;Ruben Rafkin;9;0;1;1;1091;1
H;Lukko;Jirko Tukiainen;8;0;1;1;655;0
H;SaiPa;Andrew Peski;7;1;0;1;811;3
H;Ässät;Kasperi Ojantakanen;8;1;0;1;610;-1
H;Kärpät;Aleksi Antti-Roiko;7;0;1;1;582;1
H;Tappara;William Wiå;8;0;1;1;721;-1
H;Ilves;Leo Lööf;8;1;0;1;982;3
H;Sport;Valtteri Viljanen;9;0;1;1;1066;-1
H;KalPa;Kristjan Kombe;5;0;1;1;636;1
H;Ässät;Aleksi Anttalainen;8;1;0;1;1029;3
H;JYP;Roni Jokinen;6;0;1;1;412;0
H;Jukurit;Viljam Sandvik;7;0;1;1;886;2
H;Lukko;Chris Harpur;8;0;1;1;987;2
H;TPS;Sisu Yliniemi;9;1;0;1;996;-5
H;Kärpät;Kalle Loponen;5;0;1;1;691;-1
H;Jukurit;Verneri Ahonen;9;1;0;1;644;1
H;Pelicans;Anton Kettunen;6;1;0;1;805;-2
H;HIFK;Saku Salmela;4;0;1;1;771;1
H;KalPa;Samuel Jung;0;0;0;0;0;0
H;Ässät;Eeli Äijälä;0;0;0;0;0;0
H;K-Espoo;Matti Järvinen;0;0;0;0;0;0
H;JYP;Elias Huttu;0;0;0;0;0;0
H;Kärpät;Aarno Erholtz;0;0;0;0;0;0
H;Jukurit;Pekka Jormakka;0;0;0;0;0;0
H;TPS;Eetu Vahalahti;0;0;0;0;0;0
H;Kärpät;Lenni Kokkonen;2;0;0;0;641;0
H;Tappara;Iivari Räsänen;7;0;0;0;407;4
H;K-Espoo;Elias Puolanne;8;0;0;0;335;4
H;Sport;Samuel Timonen;7;0;0;0;514;-1
H;Sport;Elias Mourujärvi;0;0;0;0;0;0
H;TPS;Sisu-Petteri Lehtonen;9;0;0;0;995;-5
H;TPS;Atte Uusikartano;0;0;0;0;0;0
H;Sport;Jasper Valtanen;5;0;0;0;543;1
H;TPS;Jesse Pärssinen;0;0;0;0;0;0
H;HIFK;Atte Joki;8;0;0;0;692;-2
H;Ässät;Miro Karjalainen;0;0;0;0;0;0
H;Sport;Anton Stråka;6;0;0;0;478;-1
H;SaiPa;Karri Aho;7;0;0;0;720;0
H;Lukko;Lenni Hämäläinen;8;0;0;0;602;-2
H;Sport;Waltteri Toivainen;0;0;0;0;0;0
H;Pelicans;Onni Lind;2;0;0;0;803;0
H;Lukko;Anton Olsson;8;0;0;0;992;0
H;Sport;Waltteri Koivunen;0;0;0;0;0;0
H;Sport;Eetu Koivunen;0;0;0;0;0;0
H;Jukurit;Sebastian Soini;4;0;0;0;563;-1
H;Ässät;Axel Skinnari;3;0;0;0;321;0
H;Jukurit;Jeremi Tammela;5;0;0;0;871;-4
H;HIFK;Bruno Jalasti;3;0;0;0;655;1
H;HIFK;Sebastian Repo;0;0;0;0;0;0
H;KalPa;Tuukka Korkiakoski;3;0;0;0;461;-1
H;KalPa;Jesper Kotajärvi;2;0;0;0;631;1
H;Tappara;Juho Järvelä;0;0;0;0;0;0
H;Kärpät;Julius Hermonen;7;0;0;0;503;0
H;SaiPa;Samu Bau;1;0;0;0;949;0
H;Kärpät;Veeti Ruotsalainen;1;0;0;0;526;0
H;Pelicans;Hannes Häkkilä;8;0;0;0;895;5
H;JYP;Väinö Liikonen;5;0;0;0;888;0
H;HIFK;Lauri Sinivuori;6;0;0;0;484;0
H;Pelicans;Johannes Johannesen;8;0;0;0;1068;-1
H;JYP;Veeti Väisänen;2;0;0;0;547;-1
H;Kärpät;Nooa Viuhkola;0;0;0;0;0;0
H;Jukurit;Oskari Remes;3;0;0;0;301;-1
H;Jukurit;Natan Gashaw Teshome;0;0;0;0;0;0
H;Kärpät;Rasmus Rissanen;8;0;0;0;1125;0
H;SaiPa;Anze Zezelj;5;0;0;0;608;0
H;HIFK;Anttoni Uronen;8;0;0;0;636;-1
H;HIFK;Eelis Uronen;2;0;0;0;468;-2
H;HIFK;Hannes Tiainen;0;0;0;0;0;0
H;Jokerit;Jere Henriksson;5;0;0;0;578;-1
H;HIFK;Verneri Arkko;5;0;0;0;540;0
H;KalPa;Anton Karlsson;5;0;0;0;426;0
H;Pelicans;Valtteri Nurmi;0;0;0;0;0;0
H;Ässät;Valtteri Lipiäinen;0;0;0;0;0;0
H;Lukko;Leo Tuuva;0;0;0;0;0;0
H;HPK;Eerik Wallenius;4;0;0;0;904;0
H;Ässät;Juuso Pulli;8;0;0;0;579;1
H;K-Espoo;Miro Keskitalo;9;0;0;0;1002;6
H;Tappara;Vilho Vanhatalo;2;0;0;0;180;0
H;Pelicans;Onni Käyhkö;4;0;0;0;597;-2
H;KooKoo;Verner Miettinen;3;0;0;0;531;-2
H;KalPa;Rasmus Miilunpohja;0;0;0;0;0;0
H;HPK;Valtteri Piironen;3;0;0;0;531;0
H;SaiPa;Joonas Rajala;0;0;0;0;0;0
H;Ilves;Arttu Niskanen;3;0;0;0;437;0
H;Sport;Brett Harrison;0;0;0;0;0;0
H;Ässät;Maxim Saarimäki;0;0;0;0;0;0
H;Pelicans;Mikko Kousa;0;0;0;0;0;0
H;HPK;Akseli Ketonen;1;0;0;0;440;-2
H;HPK;Rasmus Tallqvist;0;0;0;0;0;0
H;Jokerit;Valtteri Pulli;8;0;0;0;861;-4
H;Jukurit;Verner Valojärvi;0;0;0;0;0;0
H;HIFK;Viljami Savolainen;0;0;0;0;0;0
H;Pelicans;Eelis Teutari;7;0;0;0;607;-4
H;HPK;Oliver Kopiloff;4;0;0;0;342;-2
H;TPS;Oliver Lauridsen;2;0;0;0;719;-1
H;Lukko;Jakub Floris;0;0;0;0;0;0
H;K-Espoo;Janne Hämäläinen;9;0;0;0;801;-5
H;Jokerit;Olli Juolevi;0;0;0;0;0;0
H;Jokerit;Oskari Manninen;7;0;0;0;671;-6
H;HIFK;Ottoville Leppänen;8;0;0;0;753;-8
H;Jokerit;Miks Tumanovs;6;0;0;0;952;-1
H;Kärpät;Tuukka Tieksola;3;0;0;0;255;0
H;K-Espoo;Juho Keinänen;6;0;0;0;303;-1
H;Lukko;Jasu Mensonen;6;0;0;0;313;-1
H;SaiPa;Vertti Svensk;7;0;0;0;528;1
H;Jokerit;Oliver Larsen;8;0;0;0;894;-4
H;K-Espoo;Tuomas Suoniemi;0;0;0;0;0;0
H;TPS;Vili Munkki;9;0;0;0;669;-2
H;KooKoo;Tomas Mazura;0;0;0;0;0;0
H;Sport;Max Laatikainen;1;0;0;0;174;-2
H;Ilves;Eemil Laurell;0;0;0;0;0;0
H;KooKoo;Aleksi Pakaslahti;6;0;0;0;827;-2
H;JYP;Topias Liljamo;1;0;0;0;107;0
H;HIFK;Aatu Karjalainen;1;0;0;0;362;0
H;Pelicans;Onni Amhamdi;3;0;0;0;549;0
H;KooKoo;Ville Puhakka;7;0;0;0;960;-3
H;HPK;Gabriel Nitz;1;0;0;0;266;0
H;Tappara;Juho Piiparinen;1;0;0;0;286;-1
H;JYP;Julius Korjus;6;0;0;0;459;0
H;Jokerit;Rasmus Lahnaviik;1;0;0;0;243;0
H;K-Espoo;Ville Arkiomaa;0;0;0;0;0;0
H;HPK;Hugo Gabrielson;8;0;0;0;704;-4
H;TPS;Pyry Vilhunen;1;0;0;0;454;-1
H;HPK;Ilari Mäkinen;0;0;0;0;0;0
H;Sport;Charles Bertrand;9;0;0;0;769;-5
H;Jokerit;Saku Forsblom;7;0;0;0;832;-2
H;Sport;Oula Palve;0;0;0;0;0;0
H;KooKoo;Oskari Luoto;1;0;0;0;1030;0
H;Lukko;Aapo Vanninen;8;0;0;0;781;-1
H;Pelicans;Eerik Kolehmainen;1;0;0;0;120;0
H;Pelicans;Hampus Falk;8;0;0;0;1051;1
H;Ässät;Nestor Noiva;0;0;0;0;0;0
H;HIFK;Frans Karjalahti;1;0;0;0;221;0
H;Tappara;Ville Väärälä;0;0;0;0;0;0
H;Tappara;Julius Mattila;0;0;0;0;0;0
H;Ässät;Feetu Knihti;0;0;0;0;0;0
H;Ilves;Topias Hynninen;1;0;0;0;375;0
H;KooKoo;Vilmos Gallo;8;0;0;0;861;-3
H;HPK;Vili Alitalo;7;0;0;0;452;-4
H;Tappara;Jonne Tammela;0;0;0;0;0;0
H;Pelicans;Miro Väänänen;6;0;0;0;378;1
H;HIFK;David Nemecek;5;0;0;0;1071;-2
H;Jokerit;Miro Nalli;5;0;0;0;582;0
H;HPK;Heikki Huttunen;8;0;0;0;763;-8
H;Sport;Thierry Andrey;0;0;0;0;0;0
H;HPK;Joonas Oden;8;0;0;0;943;-6
H;Pelicans;Einari Luhanka;3;0;0;0;640;-1
H;JYP;Juuso Puustinen;4;0;0;0;560;-1
H;Jukurit;Rasmus Baggström;0;0;0;0;0;0
H;Ilves;Roni Kuukasjärvi;0;0;0;0;0;0
H;KooKoo;Niilo Romppanen;2;0;0;0;618;-4
H;Jukurit;Linus Sjödin;2;0;0;0;942;1
H;K-Espoo;Eeli Salovaara;2;0;0;0;371;-1
H;JYP;Otto Mäkinen;6;0;0;0;587;0
H;KooKoo;Joseph Berger;2;0;0;0;1193;0
H;Ässät;Eemeli Heinilä;0;0;0;0;0;0
H;KooKoo;Arttu Pelli;9;0;0;0;1045;-5
H;Ässät;Lasse Boelius;0;0;0;0;0;0
